[{"categoryString":"EXTENSION","nonVisible":"true","iconName":"https://puravidaapps.com/images/taifun16.png","methods":[],"blockProperties":[{"rw":"read-only","deprecated":"false","name":"Health","description":"Returns the current health constant. Possible values are: cold, dead, good, overheat, over voltage, unknown, unspecified failure.","type":"text"},{"rw":"read-only","deprecated":"false","name":"Level","description":"Returns the battery level. Possible values are between 0 and 100.","type":"number"},{"rw":"read-only","deprecated":"false","name":"Plugged","description":"Returns the battery plugged status. Possible values are: usb, ac, wireless or unknown.","type":"text"},{"rw":"read-only","deprecated":"false","name":"Status","description":"Returns the battery status. Possible values are: charging, full, discharging, not charging or unknown.","type":"text"},{"rw":"read-only","deprecated":"false","name":"Temperature","description":"Returns the battery temperature in celcius.","type":"number"},{"rw":"read-only","deprecated":"false","name":"Voltage","description":"Returns the battery voltage level in millivolts.","type":"number"}],"type":"com.puravidaapps.TaifunBattery","version":"1","external":"true","showOnPalette":"true","name":"TaifunBattery","helpString":"Battery Manager extension. Version 1a as of 2016-08-11 for App Inventor version nb150 and Companion version 2.38.","events":[{"deprecated":"false","name":"BatteryChanged","description":"Event indicating that battery changed.","params":[{"name":"status","type":"text"},{"name":"plugged","type":"text"},{"name":"level","type":"number"},{"name":"health","type":"text"},{"name":"temperature","type":"number"},{"name":"voltage","type":"number"}]}],"properties":[]}]