[{"categoryString":"EXTENSION","nonVisible":"true","iconName":"https://nmd.lima-city.de/nmd.png","methods":[{"deprecated":"false","name":"AppName","description":"Return the name from the current running app","params":[],"returnType":"text"},{"deprecated":"false","name":"CountWords","description":"Count the words in a string","params":[{"name":"input","type":"text"}],"returnType":"number"},{"deprecated":"false","name":"DensityDpi","description":"Get the density dpi of the device expressed as dots-per-inch.","params":[],"returnType":"number"},{"deprecated":"false","name":"GetAppName","description":"Return the app name from any installed application on your device","params":[{"name":"fromPackage","type":"text"},{"name":"notFound","type":"text"}],"returnType":"text"},{"deprecated":"false","name":"GetScreenX","description":"The absolute width of the available display size in pixels.","params":[],"returnType":"number"},{"deprecated":"false","name":"GetScreenY","description":"The absolute height of the available display size in pixels.","params":[],"returnType":"number"},{"deprecated":"false","name":"KeepScreenOn","description":"As long as this window is visible to the user, keep the device's screen turned on and bright","params":[]},{"deprecated":"false","name":"MoveTaskToBack","description":"Move task to back","params":[]},{"deprecated":"false","name":"PackageName","description":"Return the package name of the current (your app) running app","params":[],"returnType":"text"},{"deprecated":"false","name":"Parse","description":"Parse a result between two strings. Example: string = abcdef, start = a, end = d, result = bc","params":[{"name":"string","type":"text"},{"name":"start","type":"text"},{"name":"end","type":"text"}],"returnType":"text"},{"deprecated":"false","name":"RootCheck","description":"If your device is rooted the result is true, else false","params":[],"returnType":"boolean"},{"deprecated":"false","name":"ToggleKeyboard","description":"Toggle the keyboard on or off. If you use this block and the keyboard is shown than it will hide the keyboard, else it will show the keyboard.","params":[]},{"deprecated":"false","name":"VersionCode","description":"This block will returns the version code.","params":[],"returnType":"number"},{"deprecated":"false","name":"VersionName","description":"This block will returns the version name.","params":[],"returnType":"text"}],"blockProperties":[{"rw":"read-only","deprecated":"false","name":"AndroidVersion","description":"Get the android version of device.","type":"text"},{"rw":"read-only","deprecated":"false","name":"ApiVersion","description":"Get the api version of device.","type":"text"},{"rw":"read-only","deprecated":"false","name":"BasebandVersion","description":"Returns the version string for the radio firmware. May return null (if, for instance, the radio is not currently on).","type":"text"},{"rw":"read-only","deprecated":"false","name":"BootloaderVersion","description":"Get the bootloader version of the device.","type":"text"},{"rw":"read-only","deprecated":"false","name":"BuildNumber","description":"Get the build number(Software) of the device.","type":"text"},{"rw":"read-only","deprecated":"false","name":"CountryCode","description":"The result is the code of your country.","type":"text"},{"rw":"read-only","deprecated":"false","name":"DeviceName","description":"Get the device name.","type":"text"},{"rw":"read-only","deprecated":"false","name":"KernelVersion","description":"Get the kernel version of device.","type":"text"},{"rw":"read-only","deprecated":"false","name":"LanguageCode","description":"The result is the code of your device language.","type":"text"},{"rw":"read-only","deprecated":"false","name":"ManufacturName","description":"Get the manufactur name of the device.","type":"text"},{"rw":"read-only","deprecated":"false","name":"ModelName","description":"Get the model name of the device.","type":"text"},{"rw":"read-only","deprecated":"false","name":"SerialNumber","description":"Get the serial number of the device (not imei).","type":"text"}],"type":"com.NMD.SpecialTools","version":"6","external":"true","showOnPalette":"true","name":"SpecialTools","helpString":"Special Tools Extension by NMD | Release 11/06/2017 (Version 6) | Check out the blog for more informations: https://nmd-apps.jimdo.com","events":[],"properties":[]}]