[{
 "categoryString": "EXTENSION",
 "nonVisible": "true",
 "iconName": "http://www.appybuilder.com/extensions/icons/extensionIcon.png",
 "methods": [
  {
   "deprecated": "false",
   "name": "ExternalStorageAvailable",
   "description": "Returns available size of external storage",
   "params": [],
   "returnType": "number"
  },
  {
   "deprecated": "false",
   "name": "ExternalStorageTotal",
   "description": "Returns total external storage size",
   "params": [],
   "returnType": "number"
  },
  {
   "deprecated": "false",
   "name": "ExternalStorageUsed",
   "description": "Returns size of used-external-storage",
   "params": [],
   "returnType": "number"
  },
  {
   "deprecated": "false",
   "name": "InternalStorageAvailable",
   "description": "Returns size of available internal storage",
   "params": [],
   "returnType": "number"
  },
  {
   "deprecated": "false",
   "name": "InternalStorageTotal",
   "description": "Returns total size of internal storage",
   "params": [],
   "returnType": "number"
  },
  {
   "deprecated": "false",
   "name": "InternalStorageUsed",
   "description": "Returns size of used-internal-storage",
   "params": [],
   "returnType": "number"
  },
  {
   "deprecated": "false",
   "name": "MemoryFree",
   "description": "Total free RAM size",
   "params": [],
   "returnType": "number"
  },
  {
   "deprecated": "false",
   "name": "MemoryTotal",
   "description": "Total RAM size",
   "params": [],
   "returnType": "number"
  },
  {
   "deprecated": "false",
   "name": "MemoryUsed",
   "description": "Returns size of used-memory",
   "params": [],
   "returnType": "number"
  }
 ],
 "blockProperties": [],
 "helpUrl": "",
 "type": "com.appybuilder.MemoryInfo.MemoryInfo",
 "version": "2",
 "external": "true",
 "showOnPalette": "true",
 "name": "MemoryInfo",
 "helpString": "Join AppyBuilder Community at <a href=\"http://Community.AppyBuilder.com\" target=\"ab\">http://Community.AppyBuilder.com<\/a> <p>AppyBuilder MemoryInfo utility helper methods allowing you to retrieve device internal and external memory information; such as total, used, available internal / external memory size",
 "properties": [],
 "events": []
}]