[{"categoryString":"EXTENSION","nonVisible":"true","iconName":"images/extension.png","methods":[{"deprecated":"false","name":"BaseOS","description":"The base OS build the product is based on. Requires API 23+.","params":[],"returnType":"text"},{"deprecated":"false","name":"Board","description":"The name of the underlying board, like 'goldfish'. Requires API 1+.","params":[],"returnType":"text"},{"deprecated":"false","name":"Bootloader","description":"The system bootloader version number. Requires API 8+.","params":[],"returnType":"text"},{"deprecated":"false","name":"Brand","description":"The consumer-visible brand with which the product/hardware will be associated, if any. Requires API 1+.","params":[],"returnType":"text"},{"deprecated":"false","name":"CanChangeDTMFToneLength","description":"Whether the device supports configuring the DTMF tone length. Requires API 23+.","params":[],"returnType":"boolean"},{"deprecated":"false","name":"CarrierName","description":"Returns the alphabetic name of current registered operator. Requires API 1+.","params":[],"returnType":"text"},{"deprecated":"false","name":"Codename","description":"The current development codename, or the string 'REL' if this is a release build. Requires API 4+.","params":[],"returnType":"text"},{"deprecated":"false","name":"DataNetworkType","description":"Returns a constant indicating the radio technology (network type) currently in use on the device for data transmission. Requires API 1+.","params":[],"returnType":"number"},{"deprecated":"false","name":"DataState","description":"Returns a constant indicating the current data connection state (cellular). Requires API 1+.","params":[],"returnType":"number"},{"deprecated":"false","name":"Device","description":"The name of the industrial design. Requires API 1+.","params":[],"returnType":"text"},{"deprecated":"false","name":"DisplayCountry","description":"Returns a name for the locale's country that is appropriate for display to the user. Requires API 1+.","params":[],"returnType":"text"},{"deprecated":"false","name":"DisplayName","description":"Returns a name for the locale that is appropriate for display to the user. Requires API 1+.","params":[],"returnType":"text"},{"deprecated":"false","name":"DisplayScript","description":"Returns a name for the the locale's script that is appropriate for display to the user. Requires API 1+.","params":[],"returnType":"text"},{"deprecated":"false","name":"HasCarrierPrivileges","description":"Has the calling application been granted carrier privileges by the carrier. If any of the packages in the calling UID has carrier privileges, the call will return true. This access is granted by the owner of the UICC card and does not depend on the registered carrier. Requires API 22+.","params":[],"returnType":"boolean"},{"deprecated":"false","name":"HasICCCard","description":"Requires API 5+.","params":[],"returnType":"boolean"},{"deprecated":"false","name":"Host","description":"Requires API 1+.","params":[],"returnType":"text"},{"deprecated":"false","name":"ID","description":"Either a changelist number, or a label like 'M4-rc20'. Requires API 1+.","params":[],"returnType":"text"},{"deprecated":"false","name":"IMEI","description":"Returns the IMEI (International Mobile Equipment Identity). Return null if IMEI is not available. Requires API 1+.","params":[],"returnType":"text"},{"deprecated":"false","name":"ISO3Country","description":"Returns a three-letter abbreviation for this locale's country. Requires API 1+.","params":[],"returnType":"text"},{"deprecated":"false","name":"ISO3Language","description":"Returns a three-letter abbreviation of this locale's language. Requires API 1+.","params":[],"returnType":"text"},{"deprecated":"false","name":"Incremental","description":"The internal value used by the underlying source control to represent this build. E.g., a perforce changelist number or a git hash. Requires API 1+.","params":[],"returnType":"text"},{"deprecated":"false","name":"IsDataEnabled","description":"Returns whether mobile data is enabled or not per user setting. Requires API 1+.","params":[],"returnType":"boolean"},{"deprecated":"false","name":"IsEmulator","description":"Requires any API.","params":[],"returnType":"boolean"},{"deprecated":"false","name":"IsNetworkRoaming","description":"Returns true if the device is considered roaming on the current network, for GSM purposes. Requires API 1+.","params":[],"returnType":"boolean"},{"deprecated":"false","name":"MMSUserAgent","description":"Returns the MMS user agent. Requires API 19+.","params":[],"returnType":"text"},{"deprecated":"false","name":"Manufacturer","description":"The manufacturer of the product/hardware. Requires API 4+.","params":[],"returnType":"text"},{"deprecated":"false","name":"Meid","description":"Requires API 1+.","params":[],"returnType":"text"},{"deprecated":"false","name":"Model","description":"The end-user-visible name for the end product. Requires API 1+.","params":[],"returnType":"text"},{"deprecated":"false","name":"NetworkOperator","description":"Returns the numeric name (MCC+MNC) of current registered operator. Requires API 1+.","params":[],"returnType":"text"},{"deprecated":"false","name":"NetworkType","description":"Requires API 1+.","params":[],"returnType":"number"},{"deprecated":"false","name":"PhoneCount","description":"Returns the number of phones available. Returns 0 if none of voice, sms, data is not supported Returns 1 for Single standby mode (Single SIM functionality) Returns 2 for Dual standby mode.(Dual SIM functionality). Requires API 23+.","params":[],"returnType":"number"},{"deprecated":"false","name":"PhoneNumber","description":"Returns the phone number string for line 1, for example, the MSISDN for a GSM phone. Return null if it is unavailable. Requires API 1+.","params":[],"returnType":"text"},{"deprecated":"false","name":"PreviewSDKAsint","description":"The developer preview revision of a prerelease SDK. This value will always be 0 on production platform builds/devices. Requires API 23+.","params":[],"returnType":"number"},{"deprecated":"false","name":"Product","description":"The name of the overall product. Requires API 1+.","params":[],"returnType":"text"},{"deprecated":"false","name":"Release","description":"The user-visible version string. E.g., '1.0' or '3.4b5'. Requires API 1+.","params":[],"returnType":"text"},{"deprecated":"false","name":"SDKAsint","description":"The SDK version of the software currently running on this hardware device. Requires API 4+.","params":[],"returnType":"number"},{"deprecated":"false","name":"SecurityPatch","description":"The user-visible security patch level. Requires API 23+.","params":[],"returnType":"text"},{"deprecated":"false","name":"SystemLanguage","description":"Returns a name for the locale's language that is appropriate for display to the user. Requires API 1+.","params":[],"returnType":"text"},{"deprecated":"false","name":"Tags","description":"Comma-separated tags describing the build, like 'unsigned, debug'. Requires API 1+.","params":[],"returnType":"text"},{"deprecated":"false","name":"Time","description":"Requires API 1+.","params":[],"returnType":"number"},{"deprecated":"false","name":"Timezone","description":"Requires API 1+.","params":[],"returnType":"text"},{"deprecated":"false","name":"User","description":"Requires API 1+.","params":[],"returnType":"text"},{"deprecated":"false","name":"VoiceMailAlphaTag","description":"Retrieves the alphabetic identifier associated with the voice mail number. Requires API 1+.","params":[],"returnType":"text"},{"deprecated":"false","name":"VoiceMailNumber","description":"Returns the voice mail number. Return null if it is unavailable. Requires API 1+.","params":[],"returnType":"text"},{"deprecated":"false","name":"VoiceNetworkType","description":"Returns the NETWORK_TYPE_xxxx for voice. Requires API 24+.","params":[],"returnType":"number"}],"blockProperties":[],"helpUrl":"","type":"tk.meteorcoder.hosts.Hosts","androidMinSdk":7,"version":"1","external":"true","showOnPalette":"true","name":"Hosts","helpString":"Component for Hosts","properties":[],"events":[]}]