[{
 "categoryString": "EXTENSION",
 "nonVisible": "true",
 "iconName": "https://puravidaapps.com/images/taifun16.png",
 "methods": [],
 "blockProperties": [{
  "rw": "read-only",
  "deprecated": "false",
  "name": "Status",
  "description": "Returns the headset plug status. Possible values are: unplugged, plugged or unknown.",
  "type": "text"
 }],
 "helpUrl": "https://puravidaapps.com/headset.php",
 "type": "com.puravidaapps.TaifunHeadset",
 "version": "1",
 "external": "true",
 "showOnPalette": "true",
 "name": "TaifunHeadset",
 "helpString": "Headset extension. Version 1 as of 2018-02-15 for App Inventor version version nb166 and Companion version 2.66.",
 "properties": [],
 "events": [{
  "deprecated": "false",
  "name": "Changed",
  "description": "Event indicating that headset plug changed.",
  "params": [{
   "name": "status",
   "type": "text"
  }]
 }]
}]