[{"categoryString":"EXTENSION","nonVisible":"true","iconName":"images/extension.png","methods":[{"deprecated":"false","name":"IsCompanionApp","description":"Returns true if we are running the companion app.","params":[],"returnType":"boolean"},{"deprecated":"false","name":"IsEmulator","description":"Returns true if we are running in the emulator (supports android SDK emulator)","params":[],"returnType":"boolean"}],"blockProperties":[{"rw":"read-only","deprecated":"false","name":"AndroidAPI","description":"Get Android Version","type":"number"},{"rw":"read-only","deprecated":"false","name":"DeviceBrand","description":"Get Device Brand","type":"text"},{"rw":"read-only","deprecated":"false","name":"DeviceManufacturer","description":"Get Device Manufacturer","type":"text"},{"rw":"read-only","deprecated":"false","name":"DeviceModel","description":"Get Device Model","type":"text"},{"rw":"read-only","deprecated":"false","name":"DeviceProductName","description":"Get Device Product Name","type":"text"},{"rw":"read-only","deprecated":"false","name":"Dpi","description":"Get dpi","type":"number"},{"rw":"read-only","deprecated":"false","name":"HeightInPixels","description":"Get height in pixels","type":"number"},{"rw":"read-only","deprecated":"false","name":"TotalRAM","description":"Get Total RAM","type":"number"},{"rw":"read-only","deprecated":"false","name":"WidthInPixels","description":"Get width in pixels","type":"number"}],"type":"com.pavitra.PhoneInfo","version":"2","external":"true","showOnPalette":"true","name":"PhoneInfo","helpString":"Phone Info extension by Pavitra","properties":[],"events":[]}]